{"raw_fit_mean": -176.10650634765625, "raw_fit_std": 43.70083236694336, "_runtime": 29, "_timestamp": 1668817370, "_step": 1}