{"raw_fit_mean": 811.8851999857543, "raw_fit_std": 144.14075262936714, "_runtime": 358, "_timestamp": 1668818293, "_step": 17}