{"step": 38, "episode_reward": -110.93022444424513, "max_population_reward": 0.1536625772714615, "max_reward": -110.93022444424513, "_runtime": 99, "_timestamp": 1668997382, "_step": 38}