{"raw_fit_mean": 388.67778364804855, "raw_fit_std": 265.7967619396346, "_runtime": 528, "_timestamp": 1668754932, "_step": 1}