{"step": 44, "episode_reward": -110.86836618423192, "max_population_reward": 5.944324199536055e-11, "max_reward": -110.86836618423192, "_runtime": 129, "_timestamp": 1668998014, "_step": 44}