{"generation": 6, "prev_gen_fit_1": -50.00000000000044, "mut_gen_fit_1": -50.00000000000044, "prev_gen_fit_2": -50.00000000000044, "mut_gen_fit_2": -50.00000000000044, "team_player1and2hofg": -50.00000000000043, "goal_reaches": 0, "wall_pass": 0, "_runtime": 974, "_timestamp": 1669532666, "_step": 6}