{"generation": 11, "prev_gen_fit_1": -74.06666666666665, "mut_gen_fit_1": -105.7666666666667, "prev_gen_fit_2": -74.06666666666665, "mut_gen_fit_2": -109.33333333333329, "team_player1and2hofg": -103.5, "goal_reaches": 0, "wall_pass": 0, "_runtime": 426, "_timestamp": 1669502479, "_step": 11}