{"generation": 127, "prev_gen_fit_1": -37.33333333333331, "mut_gen_fit_1": -37.33333333333331, "prev_gen_fit_2": -37.33333333333331, "mut_gen_fit_2": -37.33333333333331, "team_player1and2hofg": -8.199999999999987, "goal_reaches": 0, "wall_pass": 0, "_runtime": 1649, "_timestamp": 1669505242, "_step": 127}