{"step": 15, "episode_reward": -154.03041550876193, "max_population_reward": 64590884.0, "max_reward": -154.03041550876193, "_runtime": 473, "_timestamp": 1669010254, "_step": 15}