{"Mean Max Reward": -102.85600000000001, "Mean Total Reward": -205.71200000000005, "Mean Episode Length": 29.56, "_runtime": 23, "_timestamp": 1668400627, "_step": 0}