{"raw_fit_mean": 312.01583982015336, "raw_fit_std": 301.775219983475, "_runtime": 54, "_timestamp": 1668754056, "_step": 3}