{"generation": 9, "prev_gen_fit_1": -35.30000000000002, "mut_gen_fit_1": -69.03333333333332, "prev_gen_fit_2": -35.30000000000002, "mut_gen_fit_2": -36.83333333333334, "team_player1and2hofg": -2.700000000000001, "_runtime": 70, "_timestamp": 1669451553, "_step": 9}