{"raw_fit_mean": 860.4169181094851, "raw_fit_std": 182.40849958099224, "_runtime": 146, "_timestamp": 1668818516, "_step": 8}