{"Mean Max Reward": -101.31900000000002, "Mean Total Reward": -206.63400000000004, "Mean Episode Length": 54.15, "_runtime": 466, "_timestamp": 1668401135, "_step": 3}