{"step": 20, "episode_reward": -110.86836618423192, "max_population_reward": 1099066112.0, "max_reward": -110.86836618423192, "_runtime": 92, "_timestamp": 1669005656, "_step": 20}