{"timesteps_total": 864, "episodes_total": 2, "train_reward_min": -143.30000000000007, "train_reward_mean": -143.30000000000007, "train_reward_med": -143.30000000000007, "train_reward_max": -143.30000000000007, "train_top_5_reward_avg": -143.30000000000007, "evaluate_reward_min": -143.30000000000007, "evaluate_reward_mean": -143.3000000000001, "evaluate_reward_med": -143.30000000000007, "evaluate_reward_max": -143.30000000000007, "avg_timesteps_train": 432.0, "avg_timesteps_evaluate": 432.0, "eval_max_video": 0, "eval_min_video": 0, "total_timesteps": 864, "_runtime": 58, "_timestamp": 1669425041, "_step": 0}