{"generation": 17, "prev_gen_fit_1": 1115.7666666666667, "mut_gen_fit_1": -78.63333333333331, "prev_gen_fit_2": 1115.7666666666667, "mut_gen_fit_2": -109.33333333333329, "team_player1and2hofg": -104.59999999999998, "goal_reaches": 0, "wall_pass": 0, "_runtime": 574, "_timestamp": 1669508833, "_step": 17}