{"generation": 9, "prev_gen_fit_1": -9.733333333333317, "mut_gen_fit_1": -86.46666666666678, "prev_gen_fit_2": -9.733333333333317, "mut_gen_fit_2": -43.16666666666664, "team_player1and2hofg": -12.299999999999974, "goal_reaches": 0, "wall_pass": 0, "_runtime": 332, "_timestamp": 1669452740, "_step": 9}