{"raw_fit_mean": 272.7641688678913, "raw_fit_std": 219.02629787787743, "_runtime": 32, "_timestamp": 1668754344, "_step": 1}