{"generation": 9, "prev_gen_fit_1": -87.56666666666665, "mut_gen_fit_1": -117.66666666666669, "prev_gen_fit_2": -87.56666666666665, "mut_gen_fit_2": -125.07777777777777, "team_player1and2hofg": -55.83333333333329, "goal_reaches": 0, "wall_pass": 0, "_runtime": 123, "_timestamp": 1669452149, "_step": 9}