{"generation": 1, "prev_gen_fit_1": -117.96666666666603, "mut_gen_fit_1": -70.93333333333338, "prev_gen_fit_2": -54.53333333333318, "mut_gen_fit_2": -118.26666666666647, "team_player1and2hofg": -50.00000000000043, "goal_reaches": 0, "wall_pass": 0, "_runtime": 127, "_timestamp": 1669526460, "_step": 1}