{"step": 20, "episode_reward": -3979.7036912916874, "max_population_reward": -3336.961181640625, "max_reward": -300.869724970074, "_runtime": 144, "_timestamp": 1669008070, "_step": 20}