{"raw_fit_mean": -55.87550263658817, "raw_fit_std": 2.13697734544561e-14, "_runtime": 323, "_timestamp": 1668987652, "_step": 16}