{"raw_fit_mean": 661.5199564892273, "raw_fit_std": 111.73626328467846, "_runtime": 666, "_timestamp": 1668816854, "_step": 50}