{"critic_loss": 624.2211303710938, "policy_loss": 977.8696899414062, "_runtime": 134, "_timestamp": 1668380784, "_step": 1531}