{"step": 38, "episode_reward": -110.86836618423192, "max_population_reward": 5570929.5, "max_reward": -110.86836618423192, "_runtime": 166, "_timestamp": 1669006831, "_step": 38}