{"step": 7, "episode_reward": -284.17948296467546, "max_population_reward": 35.30933380126953, "max_reward": -275.45892314957246, "_runtime": 105, "_timestamp": 1669007134, "_step": 7}