{"timesteps_total": 508, "episodes_total": 2, "train_reward_min": -125.49999999999994, "train_reward_mean": -125.49999999999994, "train_reward_med": -125.49999999999994, "train_reward_max": -125.49999999999994, "train_top_5_reward_avg": -125.49999999999994, "evaluate_reward_min": -219.59999999999997, "evaluate_reward_mean": -194.93, "evaluate_reward_med": -207.55, "evaluate_reward_max": -118.59999999999997, "avg_timesteps_train": 254.0, "avg_timesteps_evaluate": 99.15, "eval_max_video": 0, "eval_min_video": 0, "total_timesteps": 508, "_runtime": 19, "_timestamp": 1669423809, "_step": 0}