{"generation": 23, "prev_gen_fit_1": 5.333333333333418, "mut_gen_fit_1": -104.39999999999958, "prev_gen_fit_2": 5.333333333333418, "mut_gen_fit_2": -108.26666666666627, "team_player1and2hofg": -129.10000000000014, "goal_reaches": 0, "wall_pass": 0, "_runtime": 1157, "_timestamp": 1669525581, "_step": 23}