{"raw_fit_mean": -55.87542481010406, "raw_fit_std": 2.13697734544561e-14, "_runtime": 400, "_timestamp": 1669013207, "_step": 18}