{"generation": 8, "prev_gen_fit_1": -68.23333333333363, "mut_gen_fit_1": -110.59999999999995, "prev_gen_fit_2": -68.23333333333363, "mut_gen_fit_2": -96.63333333333352, "team_player1and2hofg": -104.7, "goal_reaches": 0, "wall_pass": 0, "_runtime": 574, "_timestamp": 1669528036, "_step": 8}