{"raw_fit_mean": 495.99584601627566, "raw_fit_std": 547.4133872108072, "_runtime": 59, "_timestamp": 1668753938, "_step": 4}