{"generation": 1, "prev_gen_fit_1": -100.13333333333354, "mut_gen_fit_1": -82.03333333333376, "prev_gen_fit_2": -100.13333333333354, "mut_gen_fit_2": -74.36666666666697, "team_player1and2hofg": -50.00000000000043, "goal_reaches": 0, "wall_pass": 0, "_runtime": 659, "_timestamp": 1669529400, "_step": 1, "_wandb": {"runtime": 2557}}