{"step": 26, "episode_reward": -110.86775368985148, "max_population_reward": 23459868.0, "max_reward": -110.86775368985148, "_runtime": 137, "_timestamp": 1669012571, "_step": 26}