{"raw_fit_mean": -55.86800567879903, "raw_fit_std": 2.13697734544561e-14, "_runtime": 242, "_timestamp": 1668987234, "_step": 13}