{"timesteps_total": 468, "episodes_total": 2, "train_reward_min": -223.39999999999995, "train_reward_mean": -223.39999999999995, "train_reward_med": -223.39999999999995, "train_reward_max": -223.39999999999995, "train_top_5_reward_avg": -223.39999999999995, "evaluate_reward_min": -220.29999999999995, "evaluate_reward_mean": 575.7, "evaluate_reward_med": -203.75, "evaluate_reward_max": 14673.7, "avg_timesteps_train": 234.0, "avg_timesteps_evaluate": 150.0, "eval_max_video": 0, "eval_min_video": 0, "total_timesteps": 468, "_runtime": 28, "_timestamp": 1669424277, "_step": 0}