{"generation": 0, "prev_gen_fit_1": 0.0, "mut_gen_fit_1": 47.199999999999726, "prev_gen_fit_2": 47.199999999999726, "mut_gen_fit_2": 47.199999999999726, "team_player1and2hofg": -50.00000000000043, "goal_reaches": 0, "wall_pass": 0, "_runtime": 74, "_timestamp": 1669514028, "_step": 0}