{"generation": 5, "prev_gen_fit_1": 0.0, "mut_gen_fit_1": -75.00000000000014, "prev_gen_fit_2": 0.0, "mut_gen_fit_2": 0.0, "team_player1and2hofg": -50.00000000000043, "goal_reaches": 0, "wall_pass": 0, "_runtime": 454, "_timestamp": 1669526160, "_step": 5}