{"generation": 8, "prev_gen_fit_1": -10.39999999999998, "mut_gen_fit_1": -106.43333333333332, "prev_gen_fit_2": -10.39999999999998, "mut_gen_fit_2": -104.49999999999997, "team_player1and2hofg": -10.799999999999978, "goal_reaches": 0, "wall_pass": 0, "_runtime": 394, "_timestamp": 1669503285, "_step": 8}