{"raw_fit_mean": 68.53097913895702, "raw_fit_std": 0.8724678947547152, "_runtime": 347, "_timestamp": 1668818897, "_step": 19}