{"step": 27, "episode_reward": -110.9303111999445, "max_population_reward": 542153472.0, "max_reward": -110.93022444424513, "_runtime": 163, "_timestamp": 1669005388, "_step": 27}