{"raw_fit_mean": 55.103126001955964, "raw_fit_std": 4.260125648182602, "_runtime": 124, "_timestamp": 1668819107, "_step": 11}