{"raw_fit_mean": 49.46142884526995, "raw_fit_std": 196.33091720461726, "_runtime": 134, "_timestamp": 1668753569, "_step": 0}