{"generation": 67, "prev_gen_fit_1": -79.32, "mut_gen_fit_1": -100.76666666666667, "prev_gen_fit_2": -100.93333333333337, "mut_gen_fit_2": -101.5, "team_player1and2hofg": -100.60000000000001, "goal_reaches": 0, "wall_pass": 0, "_runtime": 933, "_timestamp": 1669506348, "_step": 67}