{"timesteps_total": 1996, "episodes_total": 2, "train_reward_min": -100.00000000000088, "train_reward_mean": -100.00000000000088, "train_reward_med": -100.00000000000088, "train_reward_max": -100.00000000000088, "train_top_5_reward_avg": -100.00000000000088, "evaluate_reward_min": -244.50000000000028, "evaluate_reward_mean": -208.64000000000004, "evaluate_reward_med": -211.2, "evaluate_reward_max": -150.3000000000004, "avg_timesteps_train": 998.0, "avg_timesteps_evaluate": 186.3, "eval_max_video": 0, "eval_min_video": 0, "total_timesteps": 1996, "_runtime": 33, "_timestamp": 1669424177, "_step": 0}