{"Mean Max Reward": -50.32800000000002, "Mean Total Reward": -152.60400000000016, "Mean Episode Length": 23.76, "_runtime": 515, "_timestamp": 1668395600, "_step": 20}