{"step": 8, "episode_reward": -284.0415034291834, "max_population_reward": 102060672.0, "max_reward": -284.0415034291834, "_runtime": 172, "_timestamp": 1669007373, "_step": 8}