{"step": 6, "episode_reward": -300.869724970074, "max_population_reward": Infinity, "max_reward": -287.8165912602379, "_runtime": 130, "_timestamp": 1669007607, "_step": 6}