{"raw_fit_mean": -26.116294391036067, "raw_fit_std": 61.8190959418667, "_runtime": 31, "_timestamp": 1668819292, "_step": 1}