{"raw_fit_mean": 1014.8415869238265, "raw_fit_std": 70.52923324450848, "_runtime": 801, "_timestamp": 1668816142, "_step": 57}