{"raw_fit_mean": 48.878514211437306, "raw_fit_std": 141.53075365280725, "_runtime": 225, "_timestamp": 1668823402, "_step": 14}