{"generation": 9, "prev_gen_fit_1": -63.76666666666665, "mut_gen_fit_1": -72.5111111111111, "prev_gen_fit_2": -63.76666666666665, "mut_gen_fit_2": -103.09999999999998, "team_player1and2hofg": -114.56666666666665, "goal_reaches": 0, "wall_pass": 0, "_runtime": 177, "_timestamp": 1669452356, "_step": 9}