{"step": 15, "episode_reward": -154.03040751746158, "max_population_reward": 126593933312.0, "max_reward": -154.03040751746158, "_runtime": 261, "_timestamp": 1669012337, "_step": 15}