{"generation": 6, "prev_gen_fit_1": -73.93333333333335, "mut_gen_fit_1": -104.03333333333333, "prev_gen_fit_2": -9.833333333333313, "mut_gen_fit_2": -104.49999999999997, "team_player1and2hofg": -7.799999999999987, "goal_reaches": 0, "wall_pass": 0, "_runtime": 294, "_timestamp": 1669509223, "_step": 6}