{"generation": 22, "prev_gen_fit_1": -29.233333333333245, "mut_gen_fit_1": -44.93333333333321, "prev_gen_fit_2": -24.16666666666659, "mut_gen_fit_2": -69.16666666666646, "team_player1and2hofg": -125.10000000000008, "goal_reaches": 0, "wall_pass": 0, "_runtime": 741, "_timestamp": 1669527382, "_step": 22}