{"timesteps_total": 604, "episodes_total": 2, "train_reward_min": -230.19999999999993, "train_reward_mean": -230.19999999999993, "train_reward_med": -230.19999999999993, "train_reward_max": -230.19999999999993, "train_top_5_reward_avg": -230.19999999999993, "evaluate_reward_min": -221.59999999999997, "evaluate_reward_mean": -156.295, "evaluate_reward_med": -158.7, "evaluate_reward_max": -23.49999999999995, "avg_timesteps_train": 302.0, "avg_timesteps_evaluate": 112.4, "eval_max_video": 0, "eval_min_video": 0, "total_timesteps": 604, "_runtime": 27, "_timestamp": 1669423477, "_step": 0}