{"generation": 9, "prev_gen_fit_1": -38.500000000000014, "mut_gen_fit_1": -74.43333333333334, "prev_gen_fit_2": -38.500000000000014, "mut_gen_fit_2": -71.2333333333333, "team_player1and2hofg": -3.7000000000000015, "_runtime": 140, "_timestamp": 1669451409, "_step": 9}