{"raw_fit_mean": 25.16553642880204, "raw_fit_std": 64.95507028376977, "_runtime": 41, "_timestamp": 1668819648, "_step": 2}