{"raw_fit_mean": 1028.1057599047613, "raw_fit_std": 290.5710445791132, "_runtime": 138, "_timestamp": 1668817056, "_step": 9, "_wandb": {"runtime": 405}}