{"generation": 11, "prev_gen_fit_1": 162.5333333333328, "mut_gen_fit_1": -83.23333333333309, "prev_gen_fit_2": 162.5333333333328, "mut_gen_fit_2": 162.5333333333328, "team_player1and2hofg": -50.00000000000043, "goal_reaches": 0, "wall_pass": 0, "_runtime": 1535, "_timestamp": 1669516007, "_step": 11}