{"raw_fit_mean": 48.45235053994823, "raw_fit_std": 3.8393088525670187, "_runtime": 176, "_timestamp": 1668821421, "_step": 16}