{"step": 65, "episode_reward": -286.0420974274895, "max_population_reward": -286.0420837402344, "max_reward": -286.0420974274895, "_runtime": 87, "_timestamp": 1669007888, "_step": 65}